{"cameraMode":{"drawMode":0,"name":"Shaded","section":"Shading Mode"},"sceneLighting":true,"audioPlay":false,"sceneViewState":{"m_AlwaysRefresh":false,"showFog":true,"showSkybox":true,"showFlares":true,"showImageEffects":true,"showParticleSystems":true,"showVisualEffectGraphs":true,"m_FxEnabled":true},"in2DMode":false,"pivot":{"x":1.5769915580749512,"y":-4.533502578735352,"z":5.465383529663086},"rotation":{"x":0.25125548243522646,"y":0.05513579770922661,"z":-0.014336733147501946,"w":0.9662455320358276},"size":22.194910049438478,"orthographic":true}