{"cameraMode":{"drawMode":0,"name":"Shaded","section":"Shading Mode"},"sceneLighting":false,"audioPlay":false,"sceneViewState":{"m_AlwaysRefresh":false,"showFog":true,"showSkybox":false,"showFlares":true,"showImageEffects":true,"showParticleSystems":true,"showVisualEffectGraphs":true,"m_FxEnabled":true},"in2DMode":false,"pivot":{"x":-0.3473733067512512,"y":1.4199999570846558,"z":0.0021921396255493166},"rotation":{"x":0.12611189484596253,"y":-0.08322683721780777,"z":0.010617954656481743,"w":0.9884648323059082},"size":0.8660253882408142,"orthographic":false}